"Horodateur","Quel est votre profession ?","Votre poste est-il permanent ?","Sur quel site travaillez-vous majoritairement ?","Etes-vous impliqué(e) dans le groupe LMD-Climactions ?","Le LMD doit-il définir une stratégie de réduction d'émissions ?","Comment devons-nous nous situer par rapport à l'objectif national de réduction d'émissions pour l'horizon 2030 (-50% en 2030 par rapport à notre bilan carbone de 2019) ?","Par quels moyens/modalités ? (choix multiples) ","Si le LMD se fixe des plafonds d'émissions ou de coût carbone, doivent-ils être :","Avez-vous une remarque sur les moyens d'actions d'une stratégie de réduction des émissions?","Selon vous, quel(s) poste(s) sont les plus émetteurs au LMD ?","Selon vous, est-ce qu'une éventuelle stratégie de réduction doit s'appliquer sur : [Missions (hors campagnes de terrain)]","Selon vous, est-ce qu'une éventuelle stratégie de réduction doit s'appliquer sur : [Campagnes de terrain]","Selon vous, est-ce qu'une éventuelle stratégie de réduction doit s'appliquer sur : [Calcul et stockage numérique]","Selon vous, est-ce qu'une éventuelle stratégie de réduction doit s'appliquer sur : [Achats]","Selon vous, est-ce qu'une éventuelle stratégie de réduction doit s'appliquer sur : [Bâtiments/chauffage/climatisation]","Selon vous, est-ce qu'une éventuelle stratégie de réduction doit s'appliquer sur : [Déplacements domicile/travail]","Seriez-vous intéressé par un calculateur qui vous permettrait d'estimer et de suivre sur l'année votre empreinte individuelle professionnelle dans ces différents domaines d’émissions ?","Pensez-vous que votre activité professionnelle puisse être d'aussi bonne qualité à moindre impact carbone ? (espace commentaire ci-dessous)","Avez-vous des remarques sur ce point spécifiquement ? ","Avez-vous des commentaires/questions/suggestions de manière générale sur une stratégie de réduction d'émissions au LMD ?"
"2021/03/25 3:46:39 PM UTC+2","Recherche et Enseignement (y compris doctorant et post-doc)","Non","Ecole Polytechnique","Oui","Oui","Même objectif","Sensibilisation / bonnes pratiques / volontariat;En se fixant des plafonds d'émissions ou de coût carbone","collectifs (équipe, site ou laboratoire)","","Achats;Bâtiments/chauffage/climatisation;Déplacements domicile/travail","Ne pas toucher","Ne pas toucher","Ne pas toucher","Plutôt pas d'accord","Plutôt d'accord","Plutôt d'accord","Oui","Oui","",""
"2021/03/25 3:48:09 PM UTC+2","Support à la recherche (Ingénieur / Technicien /Administratif)","Oui","Ecole Polytechnique","Non","Oui","Même objectif","En se fixant des plafonds d'émissions ou de coût carbone","collectifs (équipe, site ou laboratoire)","","Missions (hors campagnes de terrain);Calcul et stockage numérique;Achats;Bâtiments/chauffage/climatisation","Plutôt d'accord","Ne pas toucher","Plutôt d'accord","Plutôt d'accord","Priorité","Plutôt pas d'accord","Oui","Oui","",""
"2021/03/25 3:48:42 PM UTC+2","Support à la recherche (Ingénieur / Technicien /Administratif)","Non","Ecole Polytechnique","Non","Oui","Plus ambitieux","Sensibilisation / bonnes pratiques / volontariat;En se fixant des plafonds d'émissions ou de coût carbone","collectifs (équipe, site ou laboratoire)","Organisation en distanciel pour toutes les conférences. Ne reste que les expériences de terrain.","Missions (hors campagnes de terrain);Campagnes de terrain;Calcul et stockage numérique;Bâtiments/chauffage/climatisation;Déplacements domicile/travail","Priorité","Plutôt d'accord","Plutôt d'accord","Plutôt d'accord","Priorité","Priorité","Oui","Oui","",""
"2021/03/25 3:49:18 PM UTC+2","Recherche et Enseignement (y compris doctorant et post-doc)","Oui","Ecole Polytechnique","Non","Oui","Même objectif","Sensibilisation / bonnes pratiques / volontariat","","","Missions (hors campagnes de terrain);Campagnes de terrain;Calcul et stockage numérique;Bâtiments/chauffage/climatisation;Déplacements domicile/travail","Plutôt d'accord","Plutôt pas d'accord","Plutôt d'accord","Plutôt d'accord","Priorité","Plutôt d'accord","Oui","Oui","",""
"2021/03/25 3:49:24 PM UTC+2","Recherche et Enseignement (y compris doctorant et post-doc)","Non","Ecole Normale Supérieure (ENS)","Non","Oui","Plus ambitieux","Sensibilisation / bonnes pratiques / volontariat;En se fixant des plafonds d'émissions ou de coût carbone","collectifs (équipe, site ou laboratoire)","","Missions (hors campagnes de terrain);Campagnes de terrain;Calcul et stockage numérique;Bâtiments/chauffage/climatisation","Priorité","Plutôt d'accord","Plutôt d'accord","Priorité","Priorité","Plutôt d'accord","Oui","Oui","",""
"2021/03/25 3:49:51 PM UTC+2","Support à la recherche (Ingénieur / Technicien /Administratif)","Non","Sorbonne Université","Non","Oui","Même objectif","Sensibilisation / bonnes pratiques / volontariat;En se fixant des plafonds d'émissions ou de coût carbone","collectifs (équipe, site ou laboratoire)","","Missions (hors campagnes de terrain);Campagnes de terrain;Déplacements domicile/travail","Plutôt d'accord","Plutôt pas d'accord","Plutôt pas d'accord","","Plutôt d'accord","Plutôt d'accord","Oui","Oui","","Un bilan carbone du labo a-t-il été fait ?"
"2021/03/25 3:51:17 PM UTC+2","Recherche et Enseignement (y compris doctorant et post-doc)","Oui","Ecole Normale Supérieure (ENS)","Non","Oui","Plus ambitieux","En se fixant des plafonds d'émissions ou de coût carbone","individuels","","Missions (hors campagnes de terrain);Campagnes de terrain;Calcul et stockage numérique;Bâtiments/chauffage/climatisation","Priorité","Priorité","Plutôt d'accord","","Priorité","Plutôt d'accord","Oui","Oui","",""
"2021/03/25 3:52:27 PM UTC+2","Recherche et Enseignement (y compris doctorant et post-doc)","Oui","Sorbonne Université","Non","Oui","Même objectif","Sensibilisation / bonnes pratiques / volontariat","collectifs (équipe, site ou laboratoire)","","Campagnes de terrain;Achats;Bâtiments/chauffage/climatisation","Plutôt d'accord","Priorité","Plutôt d'accord","Priorité","Priorité","Plutôt d'accord","Oui","Non","",""
"2021/03/25 3:53:45 PM UTC+2","Support à la recherche (Ingénieur / Technicien /Administratif)","Oui","Ecole Polytechnique","Non","Oui","Même objectif","Sensibilisation / bonnes pratiques / volontariat","collectifs (équipe, site ou laboratoire)","NON","Missions (hors campagnes de terrain);Campagnes de terrain;Calcul et stockage numérique;Bâtiments/chauffage/climatisation","","","Plutôt d'accord","","Plutôt d'accord","Priorité","Non","Non","",""
"2021/03/25 3:55:02 PM UTC+2","Recherche et Enseignement (y compris doctorant et post-doc)","Non","Sorbonne Université","Oui","Oui","Plus ambitieux","En se fixant des plafonds d'émissions ou de coût carbone","collectifs (équipe, site ou laboratoire)","","Missions (hors campagnes de terrain);Campagnes de terrain;Calcul et stockage numérique;Achats;Bâtiments/chauffage/climatisation","Priorité","Plutôt d'accord","Plutôt d'accord","Priorité","Priorité","Plutôt d'accord","Oui","Oui","Cette dernière année, bien que particulière, nous a permis d'expérimenter une année de travail sans (ou avec vraiment très peu de) déplacement professionel. A titre personnel, cette année a été très productive du fait que j'étais enfermée chez moi. Je ne souhaite pas que l'avenir ressemble à cette dernière année, mais je trouve qu'elle a été très intéressante du point de vue de la diminution de l'empreinte carbone du poste mission.",""
"2021/03/25 3:55:16 PM UTC+2","Recherche et Enseignement (y compris doctorant et post-doc)","Oui","Ecole Normale Supérieure (ENS)","Non","Oui","Même objectif","Sensibilisation / bonnes pratiques / volontariat;En se fixant des plafonds d'émissions ou de coût carbone","collectifs (équipe, site ou laboratoire)","il faudrait faire attention aux distinctions entre les différentes catégories de personnels (notamment donner des opportunités aux doctorants)","Missions (hors campagnes de terrain);Campagnes de terrain;Calcul et stockage numérique","Priorité","Ne pas toucher","Plutôt d'accord","Plutôt pas d'accord","Plutôt pas d'accord","Plutôt d'accord","Oui","Non","Je fais déjà beaucoup d'efforts, donc ce serait compliqué d'en faire plus à mon niveau.","Je pense qu'il important que le processus de construction de cette stratégie et les éventuelles mesures contraignantes qui pourraient en découler soient démocratiques"
"2021/03/25 3:55:47 PM UTC+2","Recherche et Enseignement (y compris doctorant et post-doc)","Oui","Ecole Polytechnique","Non","Oui","Plus ambitieux","En se fixant des plafonds d'émissions ou de coût carbone","collectifs (équipe, site ou laboratoire)","","Missions (hors campagnes de terrain);Calcul et stockage numérique;Achats;Déplacements domicile/travail","Priorité","Plutôt pas d'accord","Plutôt d'accord","Plutôt d'accord","","","Non","Oui","",""
"2021/03/25 3:57:56 PM UTC+2","Recherche et Enseignement (y compris doctorant et post-doc)","Oui","Ecole Normale Supérieure (ENS)","Non","Oui","Même objectif","Sensibilisation / bonnes pratiques / volontariat;En se fixant des plafonds d'émissions ou de coût carbone","individuels","","Missions (hors campagnes de terrain);Campagnes de terrain","Priorité","Plutôt pas d'accord","Plutôt d'accord","Plutôt d'accord","Plutôt d'accord","Plutôt d'accord","Oui","Oui","",""
"2021/03/25 4:02:25 PM UTC+2","Recherche et Enseignement (y compris doctorant et post-doc)","Non","Ecole Polytechnique","Non","Oui","Même objectif","En se fixant des plafonds d'émissions ou de coût carbone","collectifs (équipe, site ou laboratoire)","","Missions (hors campagnes de terrain)","Priorité","Plutôt pas d'accord","Plutôt d'accord","Plutôt pas d'accord","Priorité","Plutôt d'accord","Oui","Oui","",""
"2021/03/25 4:02:50 PM UTC+2","Recherche et Enseignement (y compris doctorant et post-doc)","Non","Ecole Polytechnique","Non","Oui","Même objectif","En se fixant des plafonds d'émissions ou de coût carbone","collectifs (équipe, site ou laboratoire)","Impact énergétique des ressources informatiques, facilité à venir en transports en commun","Calcul et stockage numérique;Bâtiments/chauffage/climatisation","Plutôt pas d'accord","Plutôt pas d'accord","Priorité","Plutôt d'accord","Plutôt d'accord","Plutôt d'accord","Oui","Oui","",""
"2021/03/25 4:03:12 PM UTC+2","Recherche et Enseignement (y compris doctorant et post-doc)","Non","Ecole Normale Supérieure (ENS)","Non","Oui","Pas d'objectifs chiffrés","Sensibilisation / bonnes pratiques / volontariat","collectifs (équipe, site ou laboratoire)","","ce qui m'importe est plutôt : où est-ce qu'on a une marge de manœuvre sans même que ça impacte notre travail ? À mon avis on en a davantage sur l'arrêt de l'envoi de pièces jointes par exemple.","","","","","","","Non","Oui","","Il faut bien entendu réduire nos émissions, mais de mon point de vue cela doit absolument rester un effort collectif, surtout pas individualisé, sinon on tombera tout droit dans le piège de se pointer du doigt les uns les autres, pendant que les gros pollueurs de la planète profitent qu'on soit trop occupés à se taper dessus pour émettre en toute tranquillité 70% des émissions. Je ne pense pas que nous ayons une grande marge de manœuvre à notre échelle (exemple simple du recyclage à jussieu...), et il ne faut pas l'oublier. Pour moi, la lutte doit passer par une entente collective, une optimisation collective des ressources et une mise de pression sur les tutelles et même sur l'exécutif."
"2021/03/25 4:06:56 PM UTC+2","Recherche et Enseignement (y compris doctorant et post-doc)","Non","Ecole Normale Supérieure (ENS)","Non","Oui","Plus ambitieux","Sensibilisation / bonnes pratiques / volontariat;En se fixant des plafonds d'émissions ou de coût carbone","collectifs (équipe, site ou laboratoire)","","Missions (hors campagnes de terrain);Calcul et stockage numérique;Bâtiments/chauffage/climatisation","Priorité","Ne pas toucher","Plutôt d'accord","Plutôt pas d'accord","Priorité","Plutôt d'accord","Oui","Oui","",""
"2021/03/25 4:07:19 PM UTC+2","Recherche et Enseignement (y compris doctorant et post-doc)","Non","Ecole Normale Supérieure (ENS)","Non","Oui","Même objectif","Sensibilisation / bonnes pratiques / volontariat;En se fixant des plafonds d'émissions ou de coût carbone","collectifs (équipe, site ou laboratoire)","","Missions (hors campagnes de terrain);Calcul et stockage numérique","Priorité","Plutôt pas d'accord","Priorité","Plutôt d'accord","Plutôt d'accord","Plutôt d'accord","Oui","Oui","",""
"2021/03/25 4:09:19 PM UTC+2","Recherche et Enseignement (y compris doctorant et post-doc)","Oui","Sorbonne Université","Non","Non","","Sensibilisation / bonnes pratiques / volontariat","individuels","","Missions (hors campagnes de terrain);Calcul et stockage numérique;Déplacements domicile/travail","Plutôt d'accord","Plutôt pas d'accord","Plutôt pas d'accord","Plutôt d'accord","Plutôt d'accord","Plutôt d'accord","Oui","Oui","",""
"2021/03/25 4:11:02 PM UTC+2","Recherche et Enseignement (y compris doctorant et post-doc)","Oui","Sorbonne Université","Non","Oui","Même objectif","Sensibilisation / bonnes pratiques / volontariat;Informer chacun régulièrement sur son bilan carbone pour que cela puisse influer sur son comportement, mais sans forcément imposer un plafond d'émission strict (car toutes les activités ne sont pas égales en terme de bilan carbone)","collectifs (équipe, site ou laboratoire)","Je ne comprends pas la question","Missions (hors campagnes de terrain);Campagnes de terrain;Bâtiments/chauffage/climatisation;Déplacements domicile/travail","Plutôt d'accord","Plutôt pas d'accord","Plutôt d'accord","Plutôt d'accord","Priorité","Priorité","Oui","Oui","Deux remarques concernant la réponse ci-dessus:
1) Oui je l'espère, car on n'a pas le choix; il faut arriver à réduire son impact carbone.
2) Plus important encore que l'impact carbone est l'utilité de l'usage carbone: bruler du carbone inutilement est devenu aujourd'hui inacceptable (par ex prendre l'avion quand le train pourrait faire l'affaire, ou faire des simulations ou des campagnes qui présentent peu d'intérêt); bruler du carbone pour des causes qui en valent vraiment la peine (par ex en terme d'avancée réelle des connaissances, ou en terme d'activité qui bénéficiera à de nombreux utilisateurs) l'est moins....dans une certaine limite bien sûr.","Je ne pense pas que l'on puisse mettre de quota individuel dans le labo car étant donnée la diversité des activités de chacun, cela n'aurait pas de sens. Par contre, viser collectivement une diminution de son empreinte carbone est un bon objectif. Pour cela il me semble que le plus important est de 1) informer chacun sur son empreinte carbonne au fur et à mesure de l'anneé, 2) réduire l'empreinte fixe (ex chauffage), 3) réduire l'empreinte des déplacements domicile/travail (dans la mesure du possible bien sûr, tout le monde n'est pas logé à la même enseigne), 4) veiller aux moyens de transport des missions, 5) veiller aux achats, encore que je ne me rende pas bien compte de ce que cela représente dans le bilan du labo."
"2021/03/25 4:11:48 PM UTC+2","Recherche et Enseignement (y compris doctorant et post-doc)","Non","Sorbonne Université","Non","Oui","Moins ambitieux","Sensibilisation / bonnes pratiques / volontariat;Limiter les émissions inutiles, ne PAS se fixer QUE sur les émissions carbones, il faut limiter l'usage de plastique, déchet en tout genre.","individuels","Je réitère, le climaction se concentre majoritairement sur l'empreinte carbone, il n'y pas que cette empreinte. L'empreinte physique, les déchets, les dépenses, rénovation, constructions inutiles. Exemple absurde : Si on remplace tout les serveurs par des serveurs qui consommes 2 fois moins, le fait de remplacer chaque ordinateur/serveur/emplacement physique/cable... et de disposer des anciens aura in fine émis plus de CO2 et d'effet néfastes sur l'environnement qui si on laissait le laboratoire continuer sa voie. Il faut encourager à rénover, prolonger l'utilisation de chaque objet, ne pas gaspiller, limiter les commandes... etc.
Ne PAS se focaliser QUE sur l'empreinte carbone ce qui est purement hypocrite.","Campagnes de terrain;Calcul et stockage numérique;Bâtiments/chauffage/climatisation","Plutôt pas d'accord","Plutôt pas d'accord","Plutôt pas d'accord","Plutôt d'accord","Plutôt d'accord","Plutôt d'accord","Oui","Non","L'objectif 50% émission n'est pas la bonne solution à mon goût, le LMD est garant de pouvoir prédire l'évolution du climat dans l'avenir. Si plus tard il advient que l'on doit baisser encore plus les émissions et/ou que l'énergie vient à manquer, il est du devoir du LMD d'avoir assez compris le système climatique pour qu'on sache ce qu'il va advenir dans le futur, malgré les limitations imposées. Il est dans notre intérêt de se réduire légèrement mais rester opérationnel.",""
"2021/03/25 4:14:29 PM UTC+2","Recherche et Enseignement (y compris doctorant et post-doc)","Oui","Ecole Normale Supérieure (ENS)","Non","Oui","Plus ambitieux","Sensibilisation / bonnes pratiques / volontariat","collectifs (équipe, site ou laboratoire)","la dernière question est une bonne question (plafonds individuels ou collectifs). J'ai mis collectif mais j'avoue que je n'avais pas pense a cet aspect plus que ca, peut être que des plafonds individuels seraient mieux. A réfléchir... ","Missions (hors campagnes de terrain);Bâtiments/chauffage/climatisation;Déplacements domicile/travail","Priorité","Plutôt d'accord","Plutôt d'accord","Plutôt d'accord","Plutôt d'accord","Plutôt d'accord","Oui","Oui","",""
"2021/03/25 4:15:24 PM UTC+2","Recherche et Enseignement (y compris doctorant et post-doc)","Non","Sorbonne Université","Non","Oui","Même objectif","Sensibilisation / bonnes pratiques / volontariat;En se fixant des plafonds d'émissions ou de coût carbone","collectifs (équipe, site ou laboratoire)","","Missions (hors campagnes de terrain);Campagnes de terrain;Calcul et stockage numérique","Priorité","Plutôt d'accord","Plutôt d'accord","Plutôt d'accord","Priorité","Priorité","Oui","Oui","",""
"2021/03/25 4:16:30 PM UTC+2","Recherche et Enseignement (y compris doctorant et post-doc)","Non","Sorbonne Université","Non","Oui","Plus ambitieux","Sensibilisation / bonnes pratiques / volontariat;En se fixant des plafonds d'émissions ou de coût carbone","collectifs (équipe, site ou laboratoire)","","Missions (hors campagnes de terrain);Campagnes de terrain;Bâtiments/chauffage/climatisation","Priorité","Plutôt pas d'accord","Plutôt d'accord","","Priorité","Plutôt d'accord","Oui","Oui","La crise du covid que nous traversons a montré que nous pouvons nous adapter à de nouvelles conditions/techniques/environnement de travail. Il est très probable que nous puissions faire la même chose pour réduire notre empreinte carbone, tout en participant collectivement à choisir les changements à mettre en place, et cela tout en conservant/améliorant le plaisir que nous avons à travailler. Le changement de mentalités sur la place des conférences internationales nécessitant des vols longs courrier est probablement un des points les plus importants. La jeune génération a de toutes façons déjà compris qu'un changement était inévitable de ce coté là, et que la participation à ce type d’événements allait drastiquement changer.","Un budget carbone régressif avec le temps (comme mis en place au LOCEAN) me parait une bonne idée.
Répartir le budget carbone pour les missions internationales en fonction de l'expérience aussi (davantage pour les jeunes chercheuses et chercheurs n'ayant encore que peu d'expérience et de participations)."
"2021/03/25 4:18:18 PM UTC+2","Recherche et Enseignement (y compris doctorant et post-doc)","Non","Ecole Polytechnique","Non","Oui","Même objectif","En se fixant des plafonds d'émissions ou de coût carbone","collectifs (équipe, site ou laboratoire)","","Bâtiments/chauffage/climatisation;Déplacements domicile/travail","Plutôt d'accord","Ne pas toucher","Plutôt pas d'accord","Plutôt d'accord","Plutôt d'accord","Plutôt d'accord","Oui","Oui","",""
"2021/03/25 4:29:21 PM UTC+2","Support à la recherche (Ingénieur / Technicien /Administratif)","Oui","Ecole Polytechnique","Non","Oui","Même objectif","Sensibilisation / bonnes pratiques / volontariat","individuels","","Missions (hors campagnes de terrain);Bâtiments/chauffage/climatisation;Déplacements domicile/travail","Plutôt d'accord","Plutôt pas d'accord","Plutôt pas d'accord","Plutôt pas d'accord","Plutôt pas d'accord","Plutôt d'accord","Oui","Oui","",""
"2021/03/25 4:30:00 PM UTC+2","Recherche et Enseignement (y compris doctorant et post-doc)","Oui","Autre","Non","Non","Même objectif","Sensibilisation / bonnes pratiques / volontariat","collectifs (équipe, site ou laboratoire)","","Missions (hors campagnes de terrain);Campagnes de terrain;Bâtiments/chauffage/climatisation","Plutôt d'accord","Ne pas toucher","Plutôt pas d'accord","Plutôt d'accord","Priorité","Plutôt d'accord","Oui","Oui","Limitation des deplacements, liberté de télétravail",""
"2021/03/25 4:32:19 PM UTC+2","Recherche et Enseignement (y compris doctorant et post-doc)","Oui","Sorbonne Université","Oui","Oui","Même objectif","En se fixant des plafonds d'émissions ou de coût carbone","collectifs (équipe, site ou laboratoire)","","Missions (hors campagnes de terrain);Campagnes de terrain;Calcul et stockage numérique;Achats","Priorité","Plutôt pas d'accord","Plutôt d'accord","Priorité","Plutôt d'accord","Plutôt d'accord","Oui","Oui","",""
"2021/03/25 4:32:21 PM UTC+2","Recherche et Enseignement (y compris doctorant et post-doc)","Oui","Sorbonne Université","Non","Oui","Pas d'objectifs chiffrés","Plafonds modulés (toutes les activités n'ont pas le même potentiel, la même marge,  ni les mêmes moyens de réduction)","individuels","A l'échelle du labo non. A l'échelle de nos tutelles, financeurs, etc, ça parait évident. Par exemple, au lieu d'imposer le train pour moins de 4 heures de déplacement (méthode cohercitive), moduler le budget alloué aux déplacements en fonction du bilan carbone. L'avion est souvent préféré parce qu'il est moins cher, pas parce qu'il est plus rapide!","Campagnes de terrain;Calcul et stockage numérique","Plutôt pas d'accord","Ne pas toucher","Plutôt pas d'accord","Ne pas toucher","Plutôt pas d'accord","Plutôt pas d'accord","Non","Non","Dans certains cas l'arbitrage se réduit à oui/non, faire (et faire du co2) ou ne pas faire (et ne pas faire de co2)","Au LMD même non. En utilisant la voix di LMD pour interpeler les tutelles, les responsables financuers ert politiques, oui."
"2021/03/25 4:37:30 PM UTC+2","Support à la recherche (Ingénieur / Technicien /Administratif)","Oui","Ecole Polytechnique","Non","Oui","Même objectif","Sensibilisation / bonnes pratiques / volontariat;En se fixant des plafonds d'émissions ou de coût carbone","collectifs (équipe, site ou laboratoire)","","Missions (hors campagnes de terrain);Campagnes de terrain;Bâtiments/chauffage/climatisation","Plutôt d'accord","Plutôt d'accord","Plutôt d'accord","Plutôt d'accord","Plutôt d'accord","Plutôt d'accord","Oui","Oui","",""
"2021/03/25 4:45:18 PM UTC+2","Support à la recherche (Ingénieur / Technicien /Administratif)","Oui","Ecole Polytechnique","Non","Oui","Plus ambitieux","Sensibilisation / bonnes pratiques / volontariat;En se fixant des plafonds d'émissions ou de coût carbone","collectifs (équipe, site ou laboratoire)","Chiffrer les économies réalisées et communiquer dessus.","Missions (hors campagnes de terrain);Calcul et stockage numérique;Bâtiments/chauffage/climatisation;Déplacements domicile/travail","Plutôt d'accord","Plutôt d'accord","Plutôt d'accord","","Priorité","Plutôt d'accord","Oui","Oui","","Chiffrer les économies possibles (électricité, eau, ect...) et proposer de faire des demandes de financement correspondant aux économies réalisées auprès des tutelles.
"
"2021/03/25 4:56:21 PM UTC+2","Recherche et Enseignement (y compris doctorant et post-doc)","Oui","Ecole Polytechnique","Oui","Oui","Même objectif","Sensibilisation / bonnes pratiques / volontariat","collectifs (équipe, site ou laboratoire)","Il faut être attentif aux activités essentielles qui ont une empreinte carbone forte (campagnes de terrain, mais aussi certaines collaborations, comme les missions spatiales internationales qui impliquent de nombreux trajets assez incompressibles)","Missions (hors campagnes de terrain);Campagnes de terrain;Bâtiments/chauffage/climatisation","Priorité","Ne pas toucher","Plutôt pas d'accord","Plutôt d'accord","Plutôt d'accord","Plutôt d'accord","Oui","Non","Je pense qu'il faut accepter une part de changement; un raisonnement 'uni-dimensionnel', avec un unique critère pour juger de la qualité de notre activité professionnelle , est trop réducteur. Notre recherche sera différente en réduisant nos missions et déplacements internationaux; elle peut en devenir plus riche par certains côtés, certaines collaborations peuvent en pâtir. Notre activité professionnelle comporte plusieurs objectifs, plusieurs volets, et nécessite une évaluation 'multi-critère'. La question 'aussi bonne qualité' est trop réductrice (ce n'est pas un reproche, les questions doivent être simples). La bonne question est de savoir quelles sont nos priorités, puis d'être honnêtes et en accord avec ces priorités.  ","Il y a peu d'organisations dont les personnels peuvent être mieux informés de la réalité du changement climatique et de l'urgence d'agir que nos laboratoires. Si les personnes les mieux informées ne trouvent pas le moyen de réduire les émissions, comment peut-on espérer que quiconque soit suffisamment persuadé des enjeux pour changer? "
"2021/03/25 4:57:42 PM UTC+2","Recherche et Enseignement (y compris doctorant et post-doc)","Non","Ecole Normale Supérieure (ENS)","Non","Oui","Pas d'objectifs chiffrés","Sensibilisation / bonnes pratiques / volontariat","collectifs (équipe, site ou laboratoire)","","Calcul et stockage numérique;Déplacements domicile/travail","Plutôt d'accord","Ne pas toucher","Plutôt d'accord","Plutôt pas d'accord","Plutôt d'accord","Plutôt pas d'accord","Oui","Oui","",""
"2021/03/25 5:16:05 PM UTC+2","Recherche et Enseignement (y compris doctorant et post-doc)","Oui","Sorbonne Université","Oui","Oui","Plus ambitieux","En se fixant des plafonds d'émissions ou de coût carbone","collectifs (équipe, site ou laboratoire)","","Missions (hors campagnes de terrain);Calcul et stockage numérique;Achats","Priorité","Plutôt pas d'accord","Plutôt d'accord","Priorité","Plutôt pas d'accord","Priorité","Oui","Oui","Cette recherche sera différente, de meilleure qualité, mais elle doit s'accompagner également d'autres mouvements de fonds (arrêt de la bibliométrie, moins de recours aux appels à projets, plus de diversité) pour que les personnes vertueuses ne se fassent pas avoir comme d'habitude.","Elle est indissociable d'une action forte et claire de la part des tutelles"
"2021/03/25 5:31:06 PM UTC+2","Recherche et Enseignement (y compris doctorant et post-doc)","Oui","Ecole Polytechnique","Non","Non","Pas d'objectifs chiffrés","Sensibilisation / bonnes pratiques / volontariat","collectifs (équipe, site ou laboratoire)","Action et responsabilisation individuelle: pas la peine de jouer aux flics.","aucune idée","","Ne pas toucher","","","","","Non","Oui","",""
"2021/03/25 5:49:24 PM UTC+2","Support à la recherche (Ingénieur / Technicien /Administratif)","Non","Ecole Polytechnique","Non","Oui","Plus ambitieux","Sensibilisation / bonnes pratiques / volontariat","collectifs (équipe, site ou laboratoire)","","Missions (hors campagnes de terrain);Bâtiments/chauffage/climatisation","Priorité","Plutôt pas d'accord","Plutôt d'accord","Plutôt d'accord","Priorité","Plutôt d'accord","Oui","Oui","Oui, à condition d'avoir plus de temps.",""
"2021/03/25 6:11:39 PM UTC+2","Recherche et Enseignement (y compris doctorant et post-doc)","Oui","Ecole Normale Supérieure (ENS)","Non","Oui","Plus ambitieux","Sensibilisation / bonnes pratiques / volontariat;En se fixant des plafonds d'émissions ou de coût carbone","individuels","","Bâtiments/chauffage/climatisation","Priorité","Ne pas toucher","Ne pas toucher","Plutôt d'accord","Plutôt d'accord","Plutôt d'accord","Oui","Oui","",""
"2021/03/25 6:33:57 PM UTC+2","Support à la recherche (Ingénieur / Technicien /Administratif)","Non","Ecole Polytechnique","Oui","Oui","Plus ambitieux","Sensibilisation / bonnes pratiques / volontariat;En se fixant des plafonds d'émissions ou de coût carbone","collectifs (équipe, site ou laboratoire)","","Missions (hors campagnes de terrain);Calcul et stockage numérique;Achats;Bâtiments/chauffage/climatisation","Plutôt d'accord","Plutôt pas d'accord","Priorité","Priorité","Priorité","Plutôt d'accord","Oui","Oui","Point sensible, on peut penser surtout que travailler des dans locaux énergétiquement plus efficaces ne fera qu'améliorer la qualité du travail. Optimiser les dépenses dues à la technique sans contraindre les possibilités pour la recherche.","Le LMD comme les labos de l'IPSL, doivent être des exemples de la réduction des émissions carbones (et de l'impact environnemental en général), au vu des thématiques traitées dans les travaux de recherches."
"2021/03/25 6:35:57 PM UTC+2","Recherche et Enseignement (y compris doctorant et post-doc)","Oui","Ecole Polytechnique","Non","Oui","Même objectif","Sensibilisation / bonnes pratiques / volontariat;En se fixant des plafonds d'émissions ou de coût carbone","collectifs (équipe, site ou laboratoire)","Je pense que certains postes seront individuels (mission) et d'autres collectifs (achat, numérique, expérimentations...)","Missions (hors campagnes de terrain);Achats","Priorité","Plutôt d'accord","Plutôt d'accord","Priorité","Plutôt pas d'accord","Plutôt pas d'accord","Oui","Oui","Si on ne répond pas oui, on est foutu ;-)",""
"2021/03/25 6:49:32 PM UTC+2","Recherche et Enseignement (y compris doctorant et post-doc)","Non","Ecole Polytechnique","Non","Oui","Même objectif","En se fixant des plafonds d'émissions ou de coût carbone","collectifs (équipe, site ou laboratoire)","","Campagnes de terrain;Calcul et stockage numérique;Bâtiments/chauffage/climatisation","","","","","","","Oui","Oui","",""
"2021/03/25 7:12:28 PM UTC+2","Recherche et Enseignement (y compris doctorant et post-doc)","Oui","Ecole Normale Supérieure (ENS)","Non","Oui","Même objectif","En se fixant des plafonds d'émissions ou de coût carbone","individuels","Certaines personnes ont des coûts carbone très élevés de part leur activité internationale. D'autres ont des coûts très limités. Répartir uniformément (même en %) la stratégie de réduction sera inégalitaire pour ceux qui ont des coûts limités (voyageant peu). Est-ce que l'effort ne devrait-il pas être beaucoup plus fort à faire pour les plus ""polluants"" ?
Pour ce qui est des transports entre le domicile et le laboratoire, je ne vois pas comment réduire les coûts quand on habite loin de son lieu de travail, sans moyen de transport suffisamment pratique et fiable.","Missions (hors campagnes de terrain);Bâtiments/chauffage/climatisation","Priorité","Plutôt d'accord","Ne pas toucher","Ne pas toucher","Priorité","Ne pas toucher","Non","Oui","",""
"2021/03/25 7:16:47 PM UTC+2","Recherche et Enseignement (y compris doctorant et post-doc)","Oui","Sorbonne Université","Oui","Oui","Plus ambitieux","Sensibilisation / bonnes pratiques / volontariat;En se fixant des plafonds d'émissions ou de coût carbone","collectifs (équipe, site ou laboratoire)","","Missions (hors campagnes de terrain);Campagnes de terrain;Calcul et stockage numérique","Priorité","Plutôt d'accord","Priorité","Plutôt pas d'accord","Plutôt d'accord","Plutôt pas d'accord","Oui","Oui","Oui mais avec la nécessité de réorganiser la recherche de manière plus collective au sein du laboratoire",""
"2021/03/25 7:27:32 PM UTC+2","Recherche et Enseignement (y compris doctorant et post-doc)","Oui","Sorbonne Université","Non","Oui","Même objectif","Sensibilisation / bonnes pratiques / volontariat;En se fixant des plafonds d'émissions ou de coût carbone","collectifs (équipe, site ou laboratoire)","Nous devons trouver l'équilibre entre bonnes pratiques (injonction) et plafonds (contraintes, que je vois plus à adapter par équipe)","Missions (hors campagnes de terrain);Campagnes de terrain;Calcul et stockage numérique","Priorité","Plutôt d'accord","Plutôt d'accord","Plutôt d'accord","Plutôt d'accord","Plutôt d'accord","Oui","Oui","Il y a sûrement des limites, mais une évolution des pratiques doit pouvoir permettre de développer une certaine sobriété sans affecter la qualité du travail.",""
"2021/03/25 8:19:36 PM UTC+2","Recherche et Enseignement (y compris doctorant et post-doc)","Non","Ecole Polytechnique","Non","Oui","Pas d'objectifs chiffrés","En se fixant des plafonds d'émissions ou de coût carbone","collectifs (équipe, site ou laboratoire)","","Campagnes de terrain;Calcul et stockage numérique","Plutôt d'accord","Plutôt d'accord","Priorité","Plutôt d'accord","Plutôt d'accord","Priorité","Non","Oui","",""
"2021/03/25 11:08:01 PM UTC+2","Support à la recherche (Ingénieur / Technicien /Administratif)","Non","Ecole Polytechnique","Oui","Oui","Plus ambitieux","Sensibilisation / bonnes pratiques / volontariat;En se fixant des plafonds d'émissions ou de coût carbone","collectifs (équipe, site ou laboratoire)","objectif collectif avec un indicateur de mesure individuel","Missions (hors campagnes de terrain);Campagnes de terrain;Calcul et stockage numérique","Priorité","Priorité","Priorité","Priorité","Priorité","Priorité","Oui","Oui","Se réinventer peut être source de grandes découvertes ; plus pollué par ses pensées (urgence climatique), l'activité professionnelle ne serait que meilleure. Une vie pro/perso à moindre impact peut grandement augmenter l'épanouissement personnel et donc l'efficacité    pro (diminution du stress avec ville apaisée, diminution bouchons, activité physique)","Retourner les freins pour en faire des forces. Plus de travail d'équipe, de partage et moins de  compétitivité pour les financements par exemple. Prendre le temps doit être au cœur de la stratégie (valoriser les trajets en prenant du temps sur place, contrat de recherche sur du long terme sans pression à court terme). Finalement, quelle est la mission pour l'humanité d'un labo comme le LMD ? Le résultat est là : il y a urgence. A quoi sert de continuer à chercher, comprendre si c'est pour faire un contre-sens du résultat en ne le prenant pas en compte ?"
"2021/03/25 11:11:48 PM UTC+2","Support à la recherche (Ingénieur / Technicien /Administratif)","Oui","Ecole Polytechnique","Non","Oui","Même objectif","Sensibilisation / bonnes pratiques / volontariat;En se fixant des plafonds d'émissions ou de coût carbone","collectifs (équipe, site ou laboratoire)","","Missions (hors campagnes de terrain);Calcul et stockage numérique;Bâtiments/chauffage/climatisation","Plutôt d'accord","Ne pas toucher","Plutôt d'accord","","Plutôt d'accord","Plutôt d'accord","Oui","Oui","A tester. Je ne me rends pas compte des possibilités d'adaptation.","A étudier et à surveiller un sujet peu discuté, l'évolution des moyens et des besoins informatiques (calculateurs, stockage des données, traitement de données lourds : modèles, etc...)"
"2021/03/26 9:36:12 AM UTC+2","Support à la recherche (Ingénieur / Technicien /Administratif)","Oui","Ecole Polytechnique","Non","Oui","Pas d'objectifs chiffrés","Sensibilisation / bonnes pratiques / volontariat","collectifs (équipe, site ou laboratoire)","","Missions (hors campagnes de terrain);Calcul et stockage numérique;Achats;Bâtiments/chauffage/climatisation","Plutôt d'accord","Plutôt pas d'accord","Plutôt d'accord","Plutôt d'accord","Priorité","Plutôt d'accord","Oui","Oui","","état des lieux, paperboard de propositions en libre accès, paperboard des améliorations constatées"
"2021/03/26 10:50:10 AM UTC+2","Support à la recherche (Ingénieur / Technicien /Administratif)","Oui","Ecole Polytechnique","Non","Oui","Moins ambitieux","Sensibilisation / bonnes pratiques / volontariat","individuels","","Missions (hors campagnes de terrain);Bâtiments/chauffage/climatisation","Priorité","Ne pas toucher","Plutôt d'accord","Plutôt d'accord","Priorité","Priorité","Oui","Non","",""
"2021/03/26 11:25:59 AM UTC+2","Recherche et Enseignement (y compris doctorant et post-doc)","Oui","Sorbonne Université","Non","Oui","Pas d'objectifs chiffrés","Sensibilisation / bonnes pratiques / volontariat","individuels","","Missions (hors campagnes de terrain);Campagnes de terrain;Calcul et stockage numérique","Priorité","Plutôt d'accord","Plutôt pas d'accord","Plutôt d'accord","Plutôt d'accord","Plutôt d'accord","Oui","Oui","",""
"2021/03/26 12:29:04 PM UTC+2","Recherche et Enseignement (y compris doctorant et post-doc)","Oui","Ecole Normale Supérieure (ENS)","Non","Oui","Même objectif","Sensibilisation / bonnes pratiques / volontariat;En se fixant des plafonds d'émissions ou de coût carbone","collectifs (équipe, site ou laboratoire)","réduire les missions qui nécessitent de prendre l'avion","Missions (hors campagnes de terrain);Calcul et stockage numérique;Bâtiments/chauffage/climatisation","Priorité","Ne pas toucher","Plutôt d'accord","Priorité","Priorité","Plutôt d'accord","Oui","Oui","La pandémie covid a clairement monté que l'on peut passer de meetings physiques à meetings virtuel sans trop de problème majeurs. Quand les conditions de déplacement se normaliseront, on devrait objectivement estimer le gain d'un meeting physique vs son cout (carbone, euros, temps,...). ","Si la stratégie inclut une réduction des missions avions, il faut le faire de manière égalitaire : moins affecter les PhD, post-docs qui ont besoin de partager leur savoir, accroitre leur connaissance. Privilegier les missions ou l'interaction physique est un reel plus . Les réunions de gestions de projets europeens , programmes internationaux, etc peuvent continuer à se faire en virtuel dans la majorité des cas. "
"2021/03/26 1:33:37 PM UTC+2","Recherche et Enseignement (y compris doctorant et post-doc)","Non","Sorbonne Université","Non","Oui","Même objectif","Sensibilisation / bonnes pratiques / volontariat;En se fixant des plafonds d'émissions ou de coût carbone","collectifs (équipe, site ou laboratoire)","","Missions (hors campagnes de terrain);Calcul et stockage numérique;Bâtiments/chauffage/climatisation","Plutôt d'accord","Plutôt d'accord","Plutôt d'accord","Plutôt d'accord","Priorité","Plutôt d'accord","Oui","Oui","",""
"2021/03/26 3:10:57 PM UTC+2","Support à la recherche (Ingénieur / Technicien /Administratif)","Non","Sorbonne Université","Non","Oui","Plus ambitieux","Sensibilisation / bonnes pratiques / volontariat;En se fixant des plafonds d'émissions ou de coût carbone","collectifs (équipe, site ou laboratoire)","","Calcul et stockage numérique;Bâtiments/chauffage/climatisation","Plutôt pas d'accord","Ne pas toucher","Plutôt d'accord","Priorité","Priorité","Plutôt d'accord","Oui","Oui","",""
"2021/03/26 3:48:07 PM UTC+2","Recherche et Enseignement (y compris doctorant et post-doc)","Non","Sorbonne Université","Non","Oui","Même objectif","Sensibilisation / bonnes pratiques / volontariat;En se fixant des plafonds d'émissions ou de coût carbone","collectifs (équipe, site ou laboratoire)","","Missions (hors campagnes de terrain);Calcul et stockage numérique","Priorité","Plutôt d'accord","Plutôt d'accord","Priorité","Priorité","Priorité","Oui","Oui","",""
"2021/03/26 4:59:10 PM UTC+2","Recherche et Enseignement (y compris doctorant et post-doc)","Oui","Ecole Polytechnique","Non","Oui","Même objectif","Sensibilisation / bonnes pratiques / volontariat","collectifs (équipe, site ou laboratoire)","","Missions (hors campagnes de terrain);Calcul et stockage numérique;Bâtiments/chauffage/climatisation","Priorité","Ne pas toucher","Plutôt d'accord","Plutôt d'accord","Priorité","Plutôt d'accord","Oui","Oui","",""
"2021/03/26 6:04:49 PM UTC+2","Recherche et Enseignement (y compris doctorant et post-doc)","Oui","Sorbonne Université","Oui","Oui","Même objectif","Sensibilisation / bonnes pratiques / volontariat;En se fixant des plafonds d'émissions ou de coût carbone","collectifs (équipe, site ou laboratoire)","","Missions (hors campagnes de terrain);Campagnes de terrain;Calcul et stockage numérique","Plutôt d'accord","Plutôt pas d'accord","Plutôt d'accord","Plutôt d'accord","Plutôt d'accord","Plutôt pas d'accord","Oui","Oui","",""
"2021/03/29 2:48:27 PM UTC+2","Recherche et Enseignement (y compris doctorant et post-doc)","Non","Sorbonne Université","Non","Oui","Même objectif","Sensibilisation / bonnes pratiques / volontariat;En se fixant des plafonds d'émissions ou de coût carbone","collectifs (équipe, site ou laboratoire)","","Missions (hors campagnes de terrain);Calcul et stockage numérique;Bâtiments/chauffage/climatisation","Priorité","Plutôt d'accord","Plutôt pas d'accord","Plutôt d'accord","Plutôt d'accord","Plutôt pas d'accord","Oui","Oui","",""
"2021/03/29 3:07:24 PM UTC+2","Support à la recherche (Ingénieur / Technicien /Administratif)","Oui","Sorbonne Université","Non","Oui","Pas d'objectifs chiffrés","Sensibilisation / bonnes pratiques / volontariat","collectifs (équipe, site ou laboratoire)","","Missions (hors campagnes de terrain);Bâtiments/chauffage/climatisation","Priorité","","","","Plutôt d'accord","","Non","Oui","",""
"2021/03/30 9:07:08 AM UTC+2","Support à la recherche (Ingénieur / Technicien /Administratif)","Oui","Sorbonne Université","Non","Oui","Même objectif","Sensibilisation / bonnes pratiques / volontariat;En se fixant des plafonds d'émissions ou de coût carbone","collectifs (équipe, site ou laboratoire)","","Missions (hors campagnes de terrain);Calcul et stockage numérique","Plutôt d'accord","Plutôt d'accord","Plutôt d'accord","Priorité","Priorité","Plutôt pas d'accord","Oui","Oui","",""
"2021/03/30 10:45:25 AM UTC+2","Recherche et Enseignement (y compris doctorant et post-doc)","Non","Sorbonne Université","Oui","Oui","Même objectif","Sensibilisation / bonnes pratiques / volontariat;En se fixant des plafonds d'émissions ou de coût carbone","individuels","","Missions (hors campagnes de terrain);Calcul et stockage numérique","Priorité","Plutôt d'accord","Priorité","Plutôt d'accord","Plutôt d'accord","Plutôt d'accord","Oui","Oui","Je pense que certaines pratiques moins émettrices n'affecterais pas mon travail (achats plus responsables, bonne pratique en matière de calcul, réflexion sur des campagnes terrain à moindre coût carbone, plus de meeting en visio au lieu d'aller sur place...). Je pense que cette évolution dans les pratiques peut être coûteuse en temps au début mais une fois qu'on a pris l'habitude ça n'affecte plus le travail. Par contre, pour atteindre une réduction ambitieuse de l'empreinte carbone du laboratoire, il est possible que certaines mesures impactent la qualité du travail (ou des conditions de travail) et je serais prête à les accepter si elles me paraissent pertinentes et efficaces.",""
"2021/03/30 2:45:15 PM UTC+2","Recherche et Enseignement (y compris doctorant et post-doc)","Oui","Sorbonne Université","Oui","Oui","Pas d'objectifs chiffrés","Sensibilisation / bonnes pratiques / volontariat;En se fixant des plafonds d'émissions ou de coût carbone","collectifs (équipe, site ou laboratoire)","","Missions (hors campagnes de terrain);Campagnes de terrain;Calcul et stockage numérique","Plutôt d'accord","Plutôt d'accord","Plutôt d'accord","Plutôt d'accord","Plutôt d'accord","Plutôt d'accord","Oui","Non","",""
"2021/04/01 10:07:18 AM UTC+2","Recherche et Enseignement (y compris doctorant et post-doc)","Non","Sorbonne Université","Oui","Oui","Même objectif","Sensibilisation / bonnes pratiques / volontariat;En se fixant des plafonds d'émissions ou de coût carbone","individuels","","Missions (hors campagnes de terrain);Calcul et stockage numérique","Priorité","Plutôt d'accord","Plutôt d'accord","Plutôt d'accord","Plutôt d'accord","Plutôt d'accord","Oui","Oui","Cela dépend sur quels secteurs la baisse des émissions se fait. Il semble que ce soit facile de réduire les émissions des missions de manière significative sans trop impacter l'activité professionelle. En revanche, sur le calcul numérique et les missions, une réduction type 50% d'ici 2030 demande une réelle reflexion sur les travaux à mener.",""
"2021/04/01 1:11:42 PM UTC+2","Support à la recherche (Ingénieur / Technicien /Administratif)","Oui","Ecole Polytechnique","Non","Oui","Plus ambitieux","Sensibilisation / bonnes pratiques / volontariat","collectifs (équipe, site ou laboratoire)","","Missions (hors campagnes de terrain);Bâtiments/chauffage/climatisation;Déplacements domicile/travail","Priorité","Ne pas toucher","Ne pas toucher","Plutôt d'accord","Plutôt d'accord","Priorité","Oui","Oui","",""
"2021/04/01 1:12:08 PM UTC+2","Recherche et Enseignement (y compris doctorant et post-doc)","Oui","Ecole Polytechnique","Oui","Oui","Même objectif","Sensibilisation / bonnes pratiques / volontariat;En se fixant des plafonds d'émissions ou de coût carbone","collectifs (équipe, site ou laboratoire)","Certains plafonds peuvent être individuels (conférences), d'autres collectifs (campagnes)","Missions (hors campagnes de terrain);Bâtiments/chauffage/climatisation;Déplacements domicile/travail","Priorité","Plutôt pas d'accord","Plutôt d'accord","Plutôt d'accord","Plutôt d'accord","Priorité","Oui","Oui","L'évaluation de la qualité et les sujets de recherche doivent évoluer.",""
"2021/04/01 1:34:05 PM UTC+2","Support à la recherche (Ingénieur / Technicien /Administratif)","Oui","Sorbonne Université","Non","Oui","Plus ambitieux","Sensibilisation / bonnes pratiques / volontariat","individuels","oui, commencer par former et informer les usagers de la nécéssité à n'utiliser que des interfaces graphiques minimalistes, ces dernières étant considérablement plus gourmandes en ressources et donc en energie que les interfaces textuelles.","Déplacements domicile/travail","","","Priorité","","","Priorité","Non","Oui","oui, je vois dans mon cas et ce depuis plus de trente ans que le travail à distance (teletravail) n'altère pas (bien au contraire) la qualité de mon travail.","oui, inciter et former les usagers à l'usage d'interfaces textuelles : ils y gagneront en efficacité et réduiront grandement les ressources utilisées par leur ordinateur."
"2021/04/01 1:45:39 PM UTC+2","Recherche et Enseignement (y compris doctorant et post-doc)","Oui","Sorbonne Université","Non","Oui","Même objectif","En se fixant des plafonds d'émissions ou de coût carbone","collectifs (équipe, site ou laboratoire)","Commencer pas un bilan précis, garder en tete que les objectifs doivent etre collectifs car chacun a une situation particuliere ","Missions (hors campagnes de terrain)","Priorité","Ne pas toucher","Plutôt pas d'accord","Priorité","Plutôt d'accord","Priorité","Oui","Oui","J'ai mis oui mais possible uniquement avec des outils adaptés et des investissements de nos tutelles (batiments par exemple). Sur les missions il faut faire plus attention a ne pas exagerer mais l'international est indispensable pour notre travail, il faut veiller a ne pas se fermer. Les collaborations scientifiques via zoom sont beaucoup plus compliquees. ","Difficile a dire sans connaitre le bilan precis. "
"2021/04/01 2:01:20 PM UTC+2","Support à la recherche (Ingénieur / Technicien /Administratif)","Non","Ecole Polytechnique","Non","Oui","Même objectif","En se fixant des plafonds d'émissions ou de coût carbone","collectifs (équipe, site ou laboratoire)","","Calcul et stockage numérique;Achats;Bâtiments/chauffage/climatisation;Déplacements domicile/travail","Plutôt d'accord","Plutôt d'accord","Priorité","Priorité","Plutôt d'accord","Priorité","Oui","Oui","",""
"2021/04/01 2:04:20 PM UTC+2","Support à la recherche (Ingénieur / Technicien /Administratif)","Oui","Sorbonne Université","Non","Oui","Plus ambitieux","Sensibilisation / bonnes pratiques / volontariat;En se fixant des plafonds d'émissions ou de coût carbone","collectifs (équipe, site ou laboratoire)","","Missions (hors campagnes de terrain);Calcul et stockage numérique;Bâtiments/chauffage/climatisation","Priorité","Plutôt d'accord","Plutôt d'accord","Priorité","Priorité","Plutôt d'accord","Oui","Oui","",""
"2021/04/01 2:19:30 PM UTC+2","Recherche et Enseignement (y compris doctorant et post-doc)","Oui","Ecole Polytechnique","Non","Oui","Même objectif","Sensibilisation / bonnes pratiques / volontariat;En se fixant des plafonds d'émissions ou de coût carbone","collectifs (équipe, site ou laboratoire)","","Missions (hors campagnes de terrain);Bâtiments/chauffage/climatisation;Déplacements domicile/travail","Priorité","","Plutôt d'accord","","Priorité","Plutôt d'accord","Oui","Oui","Cela depend bien sur du bilan chiffré , il est difficile de se prononcer à ce stade",""
"2021/04/01 2:38:11 PM UTC+2","Support à la recherche (Ingénieur / Technicien /Administratif)","Oui","Ecole Polytechnique","Non","Oui","Pas d'objectifs chiffrés","Sensibilisation / bonnes pratiques / volontariat;En se fixant des plafonds d'émissions ou de coût carbone","individuels","","Missions (hors campagnes de terrain);Déplacements domicile/travail","Plutôt d'accord","Plutôt pas d'accord","Plutôt pas d'accord","Ne pas toucher","Plutôt d'accord","Priorité","Oui","Oui","",""
"2021/04/01 2:48:57 PM UTC+2","Recherche et Enseignement (y compris doctorant et post-doc)","Oui","Ecole Polytechnique","Non","Oui","Même objectif","Sensibilisation / bonnes pratiques / volontariat","collectifs (équipe, site ou laboratoire)","","Missions (hors campagnes de terrain);Bâtiments/chauffage/climatisation;Déplacements domicile/travail","Plutôt d'accord","","Plutôt d'accord","","Priorité","Priorité","Oui","Oui","",""
"2021/04/01 3:19:59 PM UTC+2","Support à la recherche (Ingénieur / Technicien /Administratif)","Oui","Ecole Polytechnique","Non","Oui","Pas d'objectifs chiffrés","Sensibilisation / bonnes pratiques / volontariat","collectifs (équipe, site ou laboratoire)","L'affichage des émissions liées à des actions. Inciter aux personnels d'utiliser des moyens de calcul d'emissions de CO2, par exemple pour les missions. ","Missions (hors campagnes de terrain);Calcul et stockage numérique;Bâtiments/chauffage/climatisation","Priorité","Plutôt pas d'accord","Plutôt d'accord","Plutôt d'accord","Plutôt d'accord","Plutôt pas d'accord","Oui","Non","","Un exemple qui pourrait être utile, appliqué aux AAP missions du centre E4C: https://docs.google.com/forms/d/e/1FAIpQLSfpJkomrgxpB47rhGQIScRY7pxCvSC_YzoLhTjKuge4ph3KxA/viewform"
"2021/04/01 3:35:51 PM UTC+2","Recherche et Enseignement (y compris doctorant et post-doc)","Oui","Ecole Normale Supérieure (ENS)","Non","Oui","Même objectif","Sensibilisation / bonnes pratiques / volontariat;En se fixant des plafonds d'émissions ou de coût carbone;En changeant les pratiques","collectifs (équipe, site ou laboratoire)","","Missions (hors campagnes de terrain);Calcul et stockage numérique","Priorité","Plutôt d'accord","Plutôt d'accord","Plutôt pas d'accord","Plutôt pas d'accord","Plutôt d'accord","Oui","Oui","",""
"2021/04/01 3:41:35 PM UTC+2","Support à la recherche (Ingénieur / Technicien /Administratif)","Non","Ecole Normale Supérieure (ENS)","Non","Oui","Plus ambitieux","Sensibilisation / bonnes pratiques / volontariat;En se fixant des plafonds d'émissions ou de coût carbone","collectifs (équipe, site ou laboratoire)","","Missions (hors campagnes de terrain);Campagnes de terrain;Bâtiments/chauffage/climatisation;Déplacements domicile/travail","Plutôt d'accord","Plutôt d'accord","Plutôt d'accord","","Priorité","Priorité","Oui","Oui","",""
"2021/04/01 4:22:58 PM UTC+2","Recherche et Enseignement (y compris doctorant et post-doc)","Oui","Ecole Polytechnique","Non","Oui","Pas d'objectifs chiffrés","Sensibilisation / bonnes pratiques / volontariat","collectifs (équipe, site ou laboratoire)","","Missions (hors campagnes de terrain);Calcul et stockage numérique","Plutôt d'accord","Plutôt pas d'accord","Plutôt d'accord","Plutôt d'accord","Plutôt d'accord","","Oui","Oui","",""
"2021/04/02 9:34:10 AM UTC+2","Support à la recherche (Ingénieur / Technicien /Administratif)","Non","Ecole Polytechnique","Non","Oui","Même objectif","Sensibilisation / bonnes pratiques / volontariat;En se fixant des plafonds d'émissions ou de coût carbone","collectifs (équipe, site ou laboratoire)","","Calcul et stockage numérique;Bâtiments/chauffage/climatisation;Déplacements domicile/travail","Plutôt d'accord","Plutôt pas d'accord","Plutôt d'accord","Plutôt d'accord","Priorité","Priorité","Oui","Oui","",""
"2021/04/02 2:55:17 PM UTC+2","Support à la recherche (Ingénieur / Technicien /Administratif)","Oui","Ecole Polytechnique","Non","Oui","Plus ambitieux","En se fixant des plafonds d'émissions ou de coût carbone","collectifs (équipe, site ou laboratoire)","","Missions (hors campagnes de terrain);Calcul et stockage numérique;Bâtiments/chauffage/climatisation","Plutôt d'accord","Plutôt pas d'accord","Plutôt d'accord","Plutôt d'accord","Plutôt d'accord","Plutôt d'accord","Oui","Oui","",""
"2021/04/03 6:26:31 PM UTC+2","Support à la recherche (Ingénieur / Technicien /Administratif)","Oui","Sorbonne Université","Non","Oui","Pas d'objectifs chiffrés","Sensibilisation / bonnes pratiques / volontariat","","","","","","","","","","Non","Non","",""
"2021/04/05 11:47:39 AM UTC+2","Recherche et Enseignement (y compris doctorant et post-doc)","Oui","Ecole Normale Supérieure (ENS)","Non","Oui","Même objectif","Sensibilisation / bonnes pratiques / volontariat","individuels","Au quotidien, déplacement doux, et éliminer les déplacements en avion pour une journée.","Missions (hors campagnes de terrain);Calcul et stockage numérique;Bâtiments/chauffage/climatisation;Déplacements domicile/travail","Priorité","Ne pas toucher","Ne pas toucher","Plutôt pas d'accord","Plutôt pas d'accord","Plutôt d'accord","Oui","Oui","","La partie la plus visible et facile est celle des missions pour réunions de travail. Le spatial et les infras européennes ont de mauvaises habitudes à ce sujet. Les missions pour campagnes doivent être préservées et les réunions scientifiques restent une activité indispensables, surtout pour les jeunes chercheurs, même si on peut faire des choix et ne pas courir la planète. Pour la partie transports quotidiens, les parisiens utilisent rarement la voiture et le potentiel à l'X est limité par l'habitat. On ne va pas demander aux gens de déménager. Réduire le coût calcul / stockage mettrait en cause toute la stratégie sur les simulations climatiques ou l'exploitation des données satellites. On peut sans doute réfléchir à une politique d'archivage intelligent mais ne pas se tirer une balle dans le pied. Le problème du coût du stockage numérique au niveau de la planète ne vient pas des excès des scientifiques. Des économies au niveau des bâtiments sont sans doute possibles (par exemple mon bureau a une grande fenêtre pleine de ponts thermiques et a été chauffé alors que j'était confiné) mais est ce un problème traitable à notre niveau ou celui des institutions hôtes? Je suis assez opposé à une réglementation tatillonne et une bureaucratie du carbone mais je crains que ce soit cela qui se produise vu la pratique habituelle.  "
"2021/04/05 7:15:37 PM UTC+2","Recherche et Enseignement (y compris doctorant et post-doc)","Non","Ecole Polytechnique","Non","Oui","Plus ambitieux","Sensibilisation / bonnes pratiques / volontariat","collectifs (équipe, site ou laboratoire)","","Campagnes de terrain;Calcul et stockage numérique;Bâtiments/chauffage/climatisation","Plutôt pas d'accord","Plutôt pas d'accord","Plutôt d'accord","Priorité","Priorité","Plutôt d'accord","Oui","Non","Il y a évidemment des marges de réduction sous quelques aspects. ","Il semble  important dans la quantification des postes d'émission, de pouvoir distinguer ce qui est à la portée concrète de chacun (sobriété volontaire ou évolution de pratiques), du labo (décision administrative, moyens financiers ...), des tutelles, de nos partenaires industriels, de nos financeurs européens. etc.
Je suis curieux de connaître les émissions de CO2 supplémentaires induites par le  ""deep-learning"" et de les comparer aux bénéfices de cette approche par rapport à des calculs classiques."
"2021/04/06 10:05:58 AM UTC+2","Support à la recherche (Ingénieur / Technicien /Administratif)","Oui","Ecole Polytechnique","Non","Oui","Plus ambitieux","En se fixant des plafonds d'émissions ou de coût carbone","collectifs (équipe, site ou laboratoire)","individuels ET collectifs","Missions (hors campagnes de terrain);Bâtiments/chauffage/climatisation;Déplacements domicile/travail","Priorité","","Plutôt pas d'accord","Plutôt pas d'accord","Priorité","Priorité","Oui","Oui","implique une réflexion/changement de fond sur le triptyque trajets domicile-travail/missions/bâtiments-chauffage-clim",""
"2021/04/07 4:18:09 PM UTC+2","Recherche et Enseignement (y compris doctorant et post-doc)","Non","Ecole Polytechnique","Non","Oui","Même objectif","Sensibilisation / bonnes pratiques / volontariat;En se fixant des plafonds d'émissions ou de coût carbone","individuels","","Missions (hors campagnes de terrain);Calcul et stockage numérique","Plutôt pas d'accord","Ne pas toucher","Plutôt d'accord","Plutôt d'accord","Plutôt d'accord","Plutôt d'accord","Oui","Oui","",""
"2021/04/07 4:45:21 PM UTC+2","Recherche et Enseignement (y compris doctorant et post-doc)","Non","Ecole Normale Supérieure (ENS)","Non","Oui","Plus ambitieux","Sensibilisation / bonnes pratiques / volontariat;En se fixant des plafonds d'émissions ou de coût carbone","collectifs (équipe, site ou laboratoire)","","Missions (hors campagnes de terrain);Campagnes de terrain;Calcul et stockage numérique;Bâtiments/chauffage/climatisation","Plutôt d'accord","Ne pas toucher","Priorité","Priorité","Priorité","Plutôt d'accord","Oui","Oui","Même si il y a des coûts carbones qu'on peut difficilement réduire sur les trajets professionnels (ex. missions en mer), certains déplacements, avec l'aide de la crise sanitaire, paraissent maintenant justement superflus (ex: aller-retours en avion pour 3H de réunion dans le sud de la France).","Comme pour la politique globale, ne pas culpabiliser les individus, mais essayer de trouver les failles systémiques (ex. proposer de recycler des ordinateurs portables pour les gens avec des contrats de 2-3 ans au lieu de racheter des ordis, ou les donner pour en faire bénéficier des associations/populations en besoin... récupérer tout le matériel informatique qui prend la poussière dans les bureau et faire un système qui permet de les ""réutiliser"" de manière solidaire. Si ils ne sont plus assez puissant pour la recherche, ils sont sans doute assez puissants pour faire ses devoirs de CE2... ou de licence). 
Peut-être s'inspirer des points dégagés par la convention citoyenne pour le climat?"
"2021/04/07 7:33:02 PM UTC+2","Recherche et Enseignement (y compris doctorant et post-doc)","Non","Autre","Non","Oui","Même objectif","Sensibilisation / bonnes pratiques / volontariat;En se fixant des plafonds d'émissions ou de coût carbone","collectifs (équipe, site ou laboratoire)","","Missions (hors campagnes de terrain);Calcul et stockage numérique","Priorité","Plutôt pas d'accord","Priorité","Plutôt pas d'accord","Plutôt d'accord","Plutôt d'accord","Oui","Oui","Le  plus difficile reste de trouver une alternative aux conférences internationales en présentiel. Celles-ci  favorisent grandement le contact et les discussions avec les autres équipes de recherche et sont difficilement remplaçables.",""
"2021/04/07 9:18:28 PM UTC+2","Recherche et Enseignement (y compris doctorant et post-doc)","Non","Sorbonne Université","Non","Oui","Plus ambitieux","Sensibilisation / bonnes pratiques / volontariat;En se fixant des plafonds d'émissions ou de coût carbone","collectifs (équipe, site ou laboratoire)","Pas d'idée","Campagnes de terrain;Calcul et stockage numérique;Bâtiments/chauffage/climatisation","","","","","","","Oui","Non","","Je n'y connais rien mais je fais confiance à ceux qui savent"
"2021/04/08 1:46:44 PM UTC+2","Recherche et Enseignement (y compris doctorant et post-doc)","Non","Ecole Normale Supérieure (ENS)","Non","Oui","Plus ambitieux","Sensibilisation / bonnes pratiques / volontariat;En se fixant des plafonds d'émissions ou de coût carbone","collectifs (équipe, site ou laboratoire)","","Bâtiments/chauffage/climatisation","Plutôt d'accord","Plutôt d'accord","Plutôt d'accord","Priorité","Priorité","Priorité","Oui","Non","Je dirais oui jusqu'à une certaine limite difficilement estimable. Mais je pense qu'il est nécessaire d'aller plus loin dans la démarche, et je suis prêt à rendre mon activité professionnelle de ""moins bonne qualité"" pour atteindre des objectifs AMBITIEUX.",""
"2021/04/08 1:50:36 PM UTC+2","Support à la recherche (Ingénieur / Technicien /Administratif)","Non","Ecole Polytechnique","Non","Non","Même objectif","Sensibilisation / bonnes pratiques / volontariat","collectifs (équipe, site ou laboratoire)","","Calcul et stockage numérique","Plutôt d'accord","Plutôt d'accord","Plutôt d'accord","Plutôt d'accord","Plutôt d'accord","Plutôt d'accord","Non","Oui","Adoptons des données pratiques",""